Cidade;Latitude;Longitude
Adamantina;-21.682;-51.0737
Adolfo;-21.2325;-49.6451
Aguaí;-22.0572;-46.9735
Agudos;-22.4694;-48.9863
Alambari;-23.5503;-47.898
Alfredo Marcondes;-21.9527;-51.414
Altair;-20.5242;-49.0571
Altinópolis;-21.0214;-47.3712
Alto Alegre;-21.5811;-50.168
Alumínio;-23.5306;-47.2546
Alvinlândia;-22.4435;-49.7623
Americana;-22.7374;-47.3331
Amparo;-22.7088;-46.772
Américo Brasiliense;-21.7288;-48.1147
Américo de Campos;-20.2985;-49.7359
Analândia;-22.1289;-47.6619
Andradina;-20.8948;-51.3786
Angatuba;-23.4917;-48.4139
Anhembi;-22.793;-48.1336
Anhumas;-22.2934;-51.3895
Aparecida;-22.8495;-45.2325
Aparecida d'Oeste;-20.4487;-50.8835
Apiaí;-24.5108;-48.8443
Aramina;-20.0882;-47.7873
Arandu;-23.1386;-49.0487
Arapeí;-22.6717;-44.4441
Araraquara;-21.7845;-48.178
Araras;-22.3572;-47.3842
Araçariguama;-23.4366;-47.0608
Araçatuba;-21.2076;-50.4401
Araçoiaba da Serra;-23.5029;-47.6166
Arco-Íris;-21.7728;-50.466
Arealva;-22.031;-48.9135
Areias;-22.5786;-44.6992
Areiópolis;-22.6672;-48.6681
Ariranha;-21.1872;-48.7904
Artur Nogueira;-22.5727;-47.1727
Arujá;-23.3965;-46.32
Aspásia;-20.16;-50.728
Assis;-22.66;-50.4183
Atibaia;-23.1171;-46.5563
Auriflama;-20.6836;-50.5572
Avanhandava;-21.4584;-49.9509
Avaré;-23.1067;-48.9251
Avaí;-22.1514;-49.3356
Bady Bassitt;-20.9197;-49.4385
Balbinos;-21.8963;-49.3619
Bananal;-22.6819;-44.3281
Barbosa;-21.2657;-49.9518
Bariri;-22.073;-48.7438
Barra Bonita;-22.4909;-48.5583
Barra do Chapéu;-24.4722;-49.0238
Barra do Turvo;-24.759;-48.5013
Barretos;-20.5531;-48.5698
Barrinha;-21.1864;-48.1636
Barueri;-23.5057;-46.879
Barão de Antonina;-23.6284;-49.5634
Bastos;-21.921;-50.7357
Batatais;-20.8929;-47.5921
Bauru;-22.3246;-49.0871
Bebedouro;-20.9491;-48.4791
Bento de Abreu;-21.2686;-50.814
Bernardino de Campos;-23.0164;-49.4679
Bertioga;-23.8486;-46.1396
Bilac;-21.404;-50.4746
Birigui;-21.291;-50.3432
Biritiba-Mirim;-23.5698;-46.0407
Boa Esperança do Sul;-21.9918;-48.3906
Bocaina;-22.1365;-48.523
Bofete;-23.1055;-48.2582
Boituva;-23.2855;-47.6786
Bom Jesus dos Perdões;-23.1356;-46.4675
Bom Sucesso de Itararé;-24.3155;-49.1451
Boracéia;-22.1926;-48.7808
Borborema;-21.6214;-49.0741
Borebi;-22.5728;-48.9707
Borá;-22.2696;-50.5409
Botucatu;-22.8837;-48.4437
Bragança Paulista;-22.9527;-46.5419
Braúna;-21.499;-50.3175
Brejo Alegre;-21.1651;-50.1861
Brodowski;-20.9845;-47.6572
Brotas;-22.2795;-48.1251
Buri;-23.7977;-48.5958
Buritama;-21.0661;-50.1475
Buritizal;-20.1911;-47.7096
Bálsamo;-20.7348;-49.5865
Cabreúva;-23.3053;-47.1362
Cabrália Paulista;-22.4576;-49.3393
Cachoeira Paulista;-22.6665;-45.0154
Caconde;-21.528;-46.6437
Cafelândia;-21.8031;-49.6092
Caiabu;-22.0127;-51.2394
Caieiras;-23.3607;-46.7397
Caiuá;-21.8322;-51.9969
Cajamar;-23.355;-46.8781
Cajati;-24.7324;-48.1223
Cajobi;-20.8773;-48.8063
Cajuru;-21.2749;-47.303
Campina do Monte Alegre;-23.5895;-48.4758
Campinas;-22.9053;-47.0659
Campo Limpo Paulista;-23.2078;-46.7889
Campos Novos Paulista;-22.602;-49.9987
Campos do Jordão;-22.7296;-45.5833
Cananéia;-25.0144;-47.9341
Canas;-22.7003;-45.0521
Canitar;-23.004;-49.7839
Capela do Alto;-23.4685;-47.7388
Capivari;-22.9951;-47.5071
Capão Bonito;-24.0113;-48.3482
Caraguatatuba;-23.6125;-45.4125
Carapicuíba;-23.5235;-46.8407
Cardoso;-20.08;-49.9183
Casa Branca;-21.7708;-47.0852
Castilho;-20.8689;-51.4884
Catanduva;-21.1314;-48.977
Catiguá;-21.0519;-49.0616
Caçapava;-23.0992;-45.7076
Cedral;-20.9009;-49.2664
Cerqueira César;-23.038;-49.1655
Cerquilho;-23.1665;-47.7459
Cesário Lange;-23.226;-47.9545
Charqueada;-22.5096;-47.7755
Chavantes;-23.0366;-49.7096
Clementina;-21.5604;-50.4525
Colina;-20.7114;-48.5387
Colômbia;-20.1768;-48.6865
Conchal;-22.3375;-47.1729
Conchas;-23.0154;-48.0134
Cordeirópolis;-22.4778;-47.4519
Coroados;-21.3521;-50.2859
Coronel Macedo;-23.6261;-49.31
Corumbataí;-22.2213;-47.6215
Cosmorama;-20.4755;-49.7827
Cosmópolis;-22.6419;-47.1926
Cotia;-23.6022;-46.919
Cravinhos;-21.338;-47.7324
Cristais Paulista;-20.4036;-47.4209
Cruzeiro;-22.5728;-44.969
Cruzália;-22.7373;-50.7909
Cubatão;-23.8911;-46.424
Cunha;-23.0731;-44.9576
Cássia dos Coqueiros;-21.2801;-47.1643
Cândido Mota;-22.7471;-50.3873
Cândido Rodrigues;-21.3275;-48.6327
Descalvado;-21.9002;-47.6181
Diadema;-23.6813;-46.6205
Dirce Reis;-20.4642;-50.6073
Divinolândia;-21.6637;-46.7361
Dobrada;-21.5155;-48.3935
Dois Córregos;-22.3673;-48.3819
Dolcinópolis;-20.124;-50.5149
Dourado;-22.1044;-48.3178
Dracena;-21.4843;-51.535
Duartina;-22.4146;-49.4084
Dumont;-21.2324;-47.9756
Echaporã;-22.4326;-50.2038
Eldorado;-24.5281;-48.1141
Elias Fausto;-23.0428;-47.3682
Elisiário;-21.1678;-49.1146
Embaúba;-20.9796;-48.8325
Embu das Artes;-23.6437;-46.8579
Embu-Guaçu;-23.8297;-46.8136
Emilianópolis;-21.8314;-51.4832
Engenheiro Coelho;-22.4836;-47.211
Espírito Santo do Pinhal;-22.1909;-46.7477
Espírito Santo do Turvo;-22.6925;-49.4341
Estiva Gerbi;-22.2713;-46.9481
Estrela d'Oeste;-20.2875;-50.4049
Estrela do Norte;-22.4859;-51.6632
Euclides da Cunha Paulista;-22.5545;-52.5928
Fartura;-23.3916;-49.5124
Fernando Prestes;-21.2661;-48.6874
Fernandópolis;-20.2806;-50.2471
Fernão;-22.3607;-49.5187
Ferraz de Vasconcelos;-23.5411;-46.371
Flora Rica;-21.6727;-51.3821
Floreal;-20.6752;-50.1513
Florínia;-22.868;-50.6814
Flórida Paulista;-21.6127;-51.1724
Franca;-20.5352;-47.4039
Francisco Morato;-23.2792;-46.7448
Franco da Rocha;-23.3229;-46.729
Gabriel Monteiro;-21.5294;-50.5573
Garça;-22.2125;-49.6546
Gastão Vidigal;-20.7948;-50.1912
Gavião Peixoto;-21.8367;-48.4957
General Salgado;-20.6485;-50.364
Getulina;-21.7961;-49.9312
Glicério;-21.3812;-50.2123
Guaimbê;-21.9091;-49.8986
Guaiçara;-21.6195;-49.8013
Guapiara;-24.1892;-48.5295
Guapiaçu;-20.7959;-49.2172
Guaraci;-20.4977;-48.9391
Guarani d'Oeste;-20.0746;-50.3411
Guarantã;-21.8942;-49.5914
Guararapes;-21.2544;-50.6453
Guararema;-23.4112;-46.0369
Guaratinguetá;-22.8075;-45.1938
Guaraçaí;-21.0292;-51.2119
Guareí;-23.3714;-48.1837
Guariba;-21.3594;-48.2316
Guarujá;-23.9888;-46.258
Guarulhos;-23.4538;-46.5333
Guará;-20.4302;-47.8236
Guatapará;-21.4944;-48.0356
Guaíra;-20.3196;-48.312
Guzolândia;-20.6467;-50.6645
Gália;-22.2918;-49.5504
Herculândia;-22.0038;-50.3907
Holambra;-22.6405;-47.0487
Hortolândia;-22.8529;-47.2143
Iacanga;-21.8896;-49.031
Iacri;-21.8572;-50.6932
Iaras;-22.8682;-49.1634
Ibaté;-21.9584;-47.9882
Ibirarema;-22.8185;-50.0739
Ibirá;-21.083;-49.2448
Ibitinga;-21.7562;-48.8319
Ibiúna;-23.6596;-47.223
Icém;-20.3391;-49.1915
Iepê;-22.6602;-51.0779
Igarapava;-20.0407;-47.7466
Igaratá;-23.2037;-46.157
Igaraçu do Tietê;-22.509;-48.5597
Iguape;-24.699;-47.5537
Ilha Comprida;-24.7307;-47.5383
Ilha Solteira;-20.4326;-51.3426
Ilhabela;-23.7785;-45.3552
Indaiatuba;-23.0816;-47.2101
Indiana;-22.1738;-51.2555
Indiaporã;-19.979;-50.2909
Inúbia Paulista;-21.7695;-50.9633
Ipaussu;-23.0575;-49.6279
Iperó;-23.3513;-47.6927
Ipeúna;-22.4355;-47.7151
Ipiguá;-20.6557;-49.3842
Iporanga;-24.5847;-48.5971
Ipuã;-20.4438;-48.0129
Iracemápolis;-22.5832;-47.523
Irapuru;-21.5684;-51.3472
Irapuã;-21.2768;-49.4164
Itaberá;-23.8638;-49.14
Itajobi;-21.3123;-49.0629
Itaju;-21.9857;-48.8116
Itanhaém;-24.1736;-46.788
Itapecerica da Serra;-23.7161;-46.8572
Itapetininga;-23.5886;-48.0483
Itapeva;-23.9788;-48.8764
Itapevi;-23.5488;-46.9327
Itapira;-22.4357;-46.8224
Itapirapuã Paulista;-24.572;-49.1661
Itaporanga;-23.7043;-49.4819
Itapura;-20.6419;-51.5063
Itapuí;-22.2324;-48.7197
Itaquaquecetuba;-23.4835;-46.3457
Itararé;-24.1085;-49.3352
Itariri;-24.2834;-47.1736
Itatiba;-23.0035;-46.8464
Itatinga;-23.1047;-48.6157
Itaí;-23.4213;-49.092
Itaóca;-24.6393;-48.8413
Itirapina;-22.2562;-47.8166
Itirapuã;-20.6416;-47.2194
Itobi;-21.7309;-46.9743
Itu;-23.2544;-47.2927
Itupeva;-23.1526;-47.0593
Ituverava;-20.3355;-47.7902
Itápolis;-21.5942;-48.8149
Jaborandi;-20.6884;-48.4112
Jaboticabal;-21.252;-48.3252
Jacareí;-23.2983;-45.9658
Jaci;-20.8805;-49.5797
Jacupiranga;-24.6963;-48.0064
Jaguariúna;-22.7037;-46.9851
Jales;-20.2672;-50.5494
Jambeiro;-23.2522;-45.6942
Jandira;-23.5275;-46.9023
Jardinópolis;-21.0176;-47.7606
Jarinu;-23.1039;-46.728
Jaú;-22.2936;-48.5592
Jeriquara;-20.3116;-47.5918
Joanópolis;-22.927;-46.2741
José Bonifácio;-21.0551;-49.6892
João Ramalho;-22.2473;-50.7694
Jumirim;-23.0884;-47.7868
Jundiaí;-23.1852;-46.8974
Junqueirópolis;-21.5103;-51.4342
Juquitiba;-23.9244;-47.0653
Juquiá;-24.3101;-47.6426
Júlio Mesquita;-22.0112;-49.7873
Lagoinha;-23.0846;-45.1944
Laranjal Paulista;-23.0506;-47.8375
Lavrinhas;-22.57;-44.9024
Lavínia;-21.1639;-51.0412
Leme;-22.1809;-47.3841
Lençóis Paulista;-22.6027;-48.8037
Limeira;-22.566;-47.397
Lindóia;-22.5226;-46.65
Lins;-21.6718;-49.7526
Lorena;-22.7334;-45.1197
Lourdes;-20.966;-50.2263
Louveira;-23.0856;-46.9484
Lucianópolis;-22.4294;-49.522
Lucélia;-21.7182;-51.0215
Luiziânia;-21.6737;-50.3294
Lupércio;-22.4146;-49.818
Lutécia;-22.3384;-50.394
Luís Antônio;-21.55;-47.7801
Macatuba;-22.5002;-48.7102
Macaubal;-20.8022;-49.9687
Macedônia;-20.1444;-50.1973
Magda;-20.6445;-50.2305
Mairinque;-23.5398;-47.185
Mairiporã;-23.3171;-46.5897
Manduri;-23.0056;-49.3202
Marabá Paulista;-22.1068;-51.9617
Maracaí;-22.6149;-50.6713
Marapoama;-21.2587;-49.13
Marinópolis;-20.4389;-50.8254
Mariápolis;-21.7959;-51.1824
Martinópolis;-22.1462;-51.1709
Marília;-22.2171;-49.9501
Matão;-21.6025;-48.364
Mauá;-23.6677;-46.4613
Mendonça;-21.1757;-49.5791
Meridiano;-20.3579;-50.1811
Mesópolis;-19.9684;-50.6326
Miguelópolis;-20.1796;-48.031
Mineiros do Tietê;-22.412;-48.451
Mira Estrela;-19.9789;-50.139
Miracatu;-24.2766;-47.4625
Mirandópolis;-21.1313;-51.1035
Mirante do Paranapanema;-22.2904;-51.9084
Mirassol;-20.8169;-49.5206
Mirassolândia;-20.6179;-49.4617
Mococa;-21.4647;-47.0024
Mogi Guaçu;-22.3675;-46.9428
Mogi Mirim;-22.4332;-46.9532
Mogi das Cruzes;-23.5208;-46.1854
Mombuca;-22.9285;-47.559
Mongaguá;-24.0809;-46.6265
Monte Alegre do Sul;-22.6817;-46.681
Monte Alto;-21.2655;-48.4971
Monte Aprazível;-20.768;-49.7184
Monte Azul Paulista;-20.9065;-48.6387
Monte Castelo;-21.2981;-51.5679
Monte Mor;-22.945;-47.3122
Monteiro Lobato;-22.9544;-45.8407
Monções;-20.8509;-50.0975
Morro Agudo;-20.7288;-48.0581
Morungaba;-22.8811;-46.7896
Motuca;-21.5103;-48.1538
Murutinga do Sul;-20.9908;-51.2774
Nantes;-22.6156;-51.24
Narandiba;-22.4057;-51.5274
Natividade da Serra;-23.3707;-45.4468
Nazaré Paulista;-23.1747;-46.3983
Neves Paulista;-20.843;-49.6358
Nhandeara;-20.6945;-50.0436
Nipoã;-20.9114;-49.7833
Nova Aliança;-21.0156;-49.4986
Nova Campina;-24.1224;-48.9022
Nova Canaã Paulista;-20.3836;-50.9483
Nova Castilho;-20.7615;-50.3477
Nova Europa;-21.7765;-48.5705
Nova Granada;-20.5321;-49.3123
Nova Guataporanga;-21.332;-51.6447
Nova Independência;-21.1026;-51.4905
Nova Luzitânia;-20.856;-50.2617
Nova Odessa;-22.7832;-47.2941
Novais;-20.9893;-48.9141
Novo Horizonte;-21.4651;-49.2234
Nuporanga;-20.7296;-47.7429
Ocauçu;-22.438;-49.922
Olímpia;-20.7366;-48.9106
Onda Verde;-20.6042;-49.2929
Oriente;-22.1549;-50.0971
Orindiúva;-20.1861;-49.3464
Orlândia;-20.7169;-47.8852
Osasco;-23.5324;-46.7916
Oscar Bressane;-22.3149;-50.2811
Osvaldo Cruz;-21.7968;-50.8793
Ourinhos;-22.9797;-49.8697
Ouro Verde;-21.4872;-51.7024
Ouroeste;-20.0061;-50.3768
Pacaembu;-21.5627;-51.2654
Palestina;-20.39;-49.4309
Palmares Paulista;-21.0854;-48.8037
Palmeira d'Oeste;-20.4148;-50.7632
Palmital;-22.7858;-50.218
Panorama;-21.354;-51.8562
Paraguaçu Paulista;-22.4114;-50.5732
Paraibuna;-23.3872;-45.6639
Paranapanema;-23.3862;-48.7214
Paranapuã;-20.1048;-50.5886
Parapuã;-21.7792;-50.7949
Paraíso;-21.0159;-48.7761
Pardinho;-23.0841;-48.3679
Pariquera-Açu;-24.7147;-47.8742
Parisi;-20.3034;-50.0163
Patrocínio Paulista;-20.6384;-47.2801
Paulicéia;-21.3153;-51.8321
Paulistânia;-22.5768;-49.4008
Paulo de Faria;-20.0296;-49.4
Paulínia;-22.7542;-47.1488
Pederneiras;-22.3511;-48.7781
Pedra Bela;-22.7902;-46.4455
Pedranópolis;-20.2474;-50.1129
Pedregulho;-20.2535;-47.4775
Pedreira;-22.7413;-46.8948
Pedrinhas Paulista;-22.8174;-50.7933
Pedro de Toledo;-24.2764;-47.2354
Penápolis;-21.4148;-50.0769
Pereira Barreto;-20.6368;-51.1123
Pereiras;-23.0804;-47.972
Peruíbe;-24.312;-47.0012
Piacatu;-21.5921;-50.6003
Piedade;-23.7139;-47.4256
Pilar do Sul;-23.8077;-47.7222
Pindamonhangaba;-22.9246;-45.4613
Pindorama;-21.1853;-48.9086
Pinhalzinho;-22.7811;-46.5897
Piquerobi;-21.8747;-51.7282
Piquete;-22.6069;-45.1869
Piracaia;-23.0525;-46.3594
Piracicaba;-22.7338;-47.6476
Piraju;-23.1981;-49.3803
Pirajuí;-21.999;-49.4608
Pirangi;-21.0886;-48.6607
Pirapora do Bom Jesus;-23.3965;-46.9991
Pirapozinho;-22.2711;-51.4976
Pirassununga;-21.996;-47.4257
Piratininga;-22.4142;-49.1339
Pitangueiras;-21.0132;-48.221
Planalto;-21.0342;-49.933
Platina;-22.6371;-50.2104
Poloni;-20.7829;-49.8258
Pompéia;-22.107;-50.176
Pongaí;-21.7396;-49.3604
Pontal;-21.0216;-48.0423
Pontalinda;-20.4396;-50.5258
Pontes Gestal;-20.1727;-49.7064
Populina;-19.9453;-50.538
Porangaba;-23.1761;-48.1195
Porto Feliz;-23.2093;-47.5251
Porto Ferreira;-21.8498;-47.487
Potim;-22.8343;-45.2552
Potirendaba;-21.0428;-49.3815
Poá;-23.5333;-46.3473
Pracinha;-21.8496;-51.0868
Pradópolis;-21.3626;-48.0679
Praia Grande;-24.0084;-46.4121
Pratânia;-22.8112;-48.6636
Presidente Alves;-22.0999;-49.4381
Presidente Bernardes;-22.0082;-51.5565
Presidente Epitácio;-21.7651;-52.1111
Presidente Prudente;-22.1207;-51.3925
Presidente Venceslau;-21.8732;-51.8447
Promissão;-21.5356;-49.8599
Quadra;-23.2993;-48.0547
Quatá;-22.2456;-50.6966
Queiroz;-21.7969;-50.2415
Queluz;-22.5312;-44.7781
Quintana;-22.0692;-50.307
Rafard;-23.0105;-47.5318
Rancharia;-22.2269;-50.893
Redenção da Serra;-23.2638;-45.5422
Regente Feijó;-22.2181;-51.3055
Reginópolis;-21.8914;-49.2268
Registro;-24.4979;-47.8449
Restinga;-20.6056;-47.4833
Ribeira;-24.6517;-49.0044
Ribeirão Bonito;-22.0685;-48.182
Ribeirão Branco;-24.2206;-48.7635
Ribeirão Corrente;-20.4579;-47.5904
Ribeirão Grande;-24.1011;-48.3679
Ribeirão Pires;-23.7067;-46.4058
Ribeirão Preto;-21.1699;-47.8099
Ribeirão do Sul;-22.789;-49.933
Ribeirão dos Índios;-21.8382;-51.6103
Rifaina;-20.0803;-47.4291
Rincão;-21.5894;-48.0728
Rinópolis;-21.7284;-50.7239
Rio Claro;-22.3984;-47.5546
Rio Grande da Serra;-23.7437;-46.3971
Rio das Pedras;-22.8417;-47.6047
Riolândia;-19.9868;-49.6836
Riversul;-23.829;-49.429
Rosana;-22.5782;-53.0603
Roseira;-22.8938;-45.307
Rubinéia;-20.1759;-51.007
Rubiácea;-21.3006;-50.7296
Sabino;-21.4593;-49.5755
Sagres;-21.8823;-50.9594
Sales;-21.3427;-49.4897
Sales Oliveira;-20.7696;-47.8369
Salesópolis;-23.5288;-45.8465
Salmourão;-21.6267;-50.8614
Saltinho;-22.8442;-47.6754
Salto;-23.1996;-47.2931
Salto Grande;-22.8894;-49.9831
Salto de Pirapora;-23.6474;-47.5743
Sandovalina;-22.4551;-51.7648
Santa Adélia;-21.2427;-48.8063
Santa Albertina;-20.0311;-50.7297
Santa Branca;-23.3933;-45.8875
Santa Bárbara d'Oeste;-22.7553;-47.4143
Santa Clara d'Oeste;-20.09;-50.9491
Santa Cruz da Conceição;-22.1405;-47.4512
Santa Cruz da Esperança;-21.2951;-47.4304
Santa Cruz das Palmeiras;-21.8235;-47.248
Santa Cruz do Rio Pardo;-22.8988;-49.6354
Santa Ernestina;-21.4618;-48.3953
Santa Fé do Sul;-20.2083;-50.932
Santa Gertrudes;-22.4572;-47.5272
Santa Isabel;-23.3172;-46.2237
Santa Lúcia;-21.685;-48.0885
Santa Maria da Serra;-22.5661;-48.1593
Santa Mercedes;-21.3495;-51.7564
Santa Rita d'Oeste;-20.1414;-50.8358
Santa Rita do Passa Quatro;-21.7083;-47.478
Santa Rosa de Viterbo;-21.4776;-47.3622
Santa Salete;-20.2429;-50.6887
Santana da Ponte Pensa;-20.2523;-50.8014
Santana de Parnaíba;-23.4439;-46.9178
Santo Anastácio;-21.9747;-51.6527
Santo André;-23.6737;-46.5432
Santo Antônio da Alegria;-21.0864;-47.1464
Santo Antônio de Posse;-22.6029;-46.9192
Santo Antônio do Aracanguá;-20.9331;-50.498
Santo Antônio do Jardim;-22.1121;-46.6845
Santo Antônio do Pinhal;-22.827;-45.663
Santo Expedito;-21.8467;-51.3929
Santos;-23.9535;-46.335
Santópolis do Aguapeí;-21.6376;-50.5044
Sarapuí;-23.6397;-47.8249
Sarutaiá;-23.2721;-49.4763
Sebastianópolis do Sul;-20.6523;-49.925
Serra Azul;-21.3074;-47.5602
Serra Negra;-22.6139;-46.7033
Serrana;-21.2043;-47.5952
Sertãozinho;-21.1316;-47.9875
Sete Barras;-24.382;-47.9279
Severínia;-20.8108;-48.8054
Silveiras;-22.6638;-44.8522
Socorro;-22.5903;-46.5251
Sorocaba;-23.4969;-47.4451
Sud Mennucci;-20.6872;-50.9238
Sumaré;-22.8204;-47.2728
Suzano;-23.5448;-46.3112
Suzanápolis;-20.4981;-51.0268
São Bento do Sapucaí;-22.6837;-45.7287
São Bernardo do Campo;-23.6914;-46.5646
São Caetano do Sul;-23.6229;-46.5548
São Carlos;-22.0174;-47.886
São Francisco;-20.3623;-50.6952
São Joaquim da Barra;-20.5812;-47.8593
São José da Bela Vista;-20.5935;-47.6424
São José do Barreiro;-22.6414;-44.5774
São José do Rio Pardo;-21.5953;-46.8873
São José do Rio Preto;-20.8113;-49.3758
São José dos Campos;-23.1896;-45.8841
São João da Boa Vista;-21.9707;-46.7944
São João das Duas Pontes;-20.3879;-50.3792
São João de Iracema;-20.5111;-50.3561
São João do Pau d'Alho;-21.2662;-51.6672
São Lourenço da Serra;-23.8491;-46.9432
São Luiz do Paraitinga;-23.222;-45.3109
São Manuel;-22.7321;-48.5723
São Miguel Arcanjo;-23.8782;-47.9935
São Paulo;-23.5329;-46.6395
São Pedro;-22.5483;-47.9096
São Pedro do Turvo;-22.7453;-49.7428
São Roque;-23.5226;-47.1357
São Sebastião;-23.7951;-45.4143
São Sebastião da Grama;-21.7041;-46.8208
São Simão;-21.4732;-47.5518
São Vicente;-23.9574;-46.3883
Tabapuã;-20.9602;-49.0307
Tabatinga;-21.7239;-48.6896
Taboão da Serra;-23.6019;-46.7526
Taciba;-22.3866;-51.2882
Taguaí;-23.4452;-49.4024
Taiaçu;-21.1431;-48.5112
Taiúva;-21.1223;-48.4528
Tambaú;-21.7029;-47.2703
Tanabi;-20.6228;-49.6563
Tapiratiba;-21.4713;-46.7448
Tapiraí;-23.9612;-47.5062
Taquaral;-21.0737;-48.4126
Taquaritinga;-21.4049;-48.5103
Taquarituba;-23.5307;-49.241
Taquarivaí;-23.9211;-48.6948
Tarabai;-22.3016;-51.5621
Tarumã;-22.7429;-50.5786
Tatuí;-23.3487;-47.8461
Taubaté;-23.0104;-45.5593
Tejupá;-23.3425;-49.3722
Teodoro Sampaio;-22.5299;-52.1682
Terra Roxa;-20.787;-48.3314
Tietê;-23.1101;-47.7164
Timburi;-23.2057;-49.6096
Torre de Pedra;-23.2462;-48.1955
Torrinha;-22.4237;-48.1731
Trabiju;-22.0388;-48.3342
Tremembé;-22.9571;-45.5475
Três Fronteiras;-20.2344;-50.8905
Tuiuti;-22.8193;-46.6937
Tupi Paulista;-21.3825;-51.575
Tupã;-21.9335;-50.5191
Turiúba;-20.9428;-50.1135
Turmalina;-20.0486;-50.4792
Ubarana;-21.165;-49.7198
Ubatuba;-23.4332;-45.0834
Ubirajara;-22.5272;-49.6613
Uchoa;-20.9511;-49.1713
União Paulista;-20.8862;-49.9025
Uru;-21.7866;-49.2848
Urupês;-21.2032;-49.2931
Urânia;-20.2455;-50.6455
Valentim Gentil;-20.4217;-50.0889
Valinhos;-22.9698;-46.9974
Valparaíso;-21.2229;-50.8699
Vargem;-22.887;-46.4124
Vargem Grande Paulista;-23.5993;-47.022
Vargem Grande do Sul;-21.8322;-46.8913
Vera Cruz;-22.2183;-49.8207
Vinhedo;-23.0302;-46.9833
Viradouro;-20.8734;-48.293
Vista Alegre do Alto;-21.1692;-48.6284
Vitória Brasil;-20.1956;-50.4875
Votorantim;-23.5446;-47.4388
Votuporanga;-20.4237;-49.9781
Várzea Paulista;-23.2136;-46.8234
Zacarias;-21.0506;-50.0552
Águas da Prata;-21.9319;-46.7176
Águas de Lindóia;-22.4733;-46.6314
Águas de Santa Bárbara;-22.8812;-49.2421
Águas de São Pedro;-22.5977;-47.8734
Álvares Florence;-20.3203;-49.9141
Álvares Machado;-22.0764;-51.4722
Álvaro de Carvalho;-22.0841;-49.719
Óleo;-22.9435;-49.3419
